{
	"credit": "Made with Blockbench",
	"textures": {
		"0": "block/present",
		"particle": "block/present"
	},
	"elements": [
		{
			"from": [2, 0, 1],
			"to": [8, 6, 7],
			"rotation": {"angle": 0, "axis": "y", "origin": [10, 8, 9]},
			"faces": {
				"north": {"uv": [0, 0, 6, 6], "texture": "#0"},
				"east": {"uv": [0, 0, 6, 6], "texture": "#0"},
				"south": {"uv": [0, 0, 6, 6], "texture": "#0"},
				"west": {"uv": [0, 0, 6, 6], "texture": "#0"},
				"up": {"uv": [10, 0, 16, 6], "texture": "#0"},
				"down": {"uv": [10, 0, 16, 6], "texture": "#0"}
			}
		},
		{
			"from": [9, 0, 3],
			"to": [14, 5, 8],
			"rotation": {"angle": 0, "axis": "y", "origin": [17, 8, 12]},
			"faces": {
				"north": {"uv": [3, 11, 8, 16], "texture": "#0"},
				"east": {"uv": [3, 11, 8, 16], "texture": "#0"},
				"south": {"uv": [3, 11, 8, 16], "texture": "#0"},
				"west": {"uv": [3, 11, 8, 16], "texture": "#0"},
				"up": {"uv": [9, 11, 14, 16], "texture": "#0"},
				"down": {"uv": [9, 11, 14, 16], "texture": "#0"}
			}
		},
		{
			"from": [6, 0, 9],
			"to": [11, 5, 14],
			"rotation": {"angle": 0, "axis": "y", "origin": [14, 8, 17]},
			"faces": {
				"north": {"uv": [1, 6, 6, 11], "texture": "#0"},
				"east": {"uv": [1, 6, 6, 11], "texture": "#0"},
				"south": {"uv": [1, 6, 6, 11], "texture": "#0"},
				"west": {"uv": [1, 6, 6, 11], "texture": "#0"},
				"up": {"uv": [7, 6, 12, 11], "texture": "#0"},
				"down": {"uv": [7, 6, 12, 11], "texture": "#0"}
			}
		}
	],
	"display": {
		"thirdperson_righthand": {
			"translation": [0, 4, 0.75],
			"scale": [0.5, 0.5, 0.5]
		},
		"thirdperson_lefthand": {
			"translation": [0, 4, 0.75],
			"scale": [0.5, 0.5, 0.5]
		},
		"firstperson_righthand": {
			"translation": [0, 2, 0]
		},
		"firstperson_lefthand": {
			"translation": [0, 2, 0]
		},
		"ground": {
			"translation": [0, 4, 0]
		},
		"gui": {
			"rotation": [13, -23, 0],
			"translation": [0, 3.25, 0]
		},
		"head": {
			"translation": [0, 14.4, 0.5]
		},
		"fixed": {
			"rotation": [-90, 0, 0],
			"translation": [0, 0, -15],
			"scale": [2, 2, 2]
		}
	}
}