{
	"credit": "Made with Blockbench",
	"textures": {
		"0": "optifine/cit/items/christmas/string lights/tree/yellowtree",
		"particle": "optifine/cit/items/christmas/string lights/tree/yellowtree"
	},
	"elements": [
		{
			"name": "double_black_0",
			"from": [2, 0, 1],
			"to": [3, 0.5, 3],
			"faces": {
				"north": {"uv": [3, 1, 2, 2], "texture": "#0"},
				"east": {"uv": [2, 1, 3, 3], "rotation": 90, "texture": "#0"},
				"south": {"uv": [2, 2, 3, 3], "texture": "#0"},
				"west": {"uv": [2, 1, 3, 3], "rotation": 270, "texture": "#0"},
				"up": {"uv": [2, 1, 3, 3], "texture": "#0"},
				"down": {"uv": [2, 3, 3, 1], "texture": "#0"}
			}
		},
		{
			"name": "double_black_1",
			"from": [6, 0, 1],
			"to": [7, 0.5, 3],
			"faces": {
				"north": {"uv": [7, 1, 6, 2], "texture": "#0"},
				"east": {"uv": [6, 1, 7, 3], "rotation": 90, "texture": "#0"},
				"south": {"uv": [6, 2, 7, 3], "texture": "#0"},
				"west": {"uv": [6, 1, 7, 3], "rotation": 270, "texture": "#0"},
				"up": {"uv": [6, 1, 7, 3], "texture": "#0"},
				"down": {"uv": [6, 3, 7, 1], "texture": "#0"}
			}
		},
		{
			"name": "double_black_2",
			"from": [14, 0, 1],
			"to": [16, 0.5, 2],
			"faces": {
				"north": {"uv": [16, 1, 14, 2], "texture": "#0"},
				"east": {"uv": [15, 1, 16, 2], "rotation": 90, "texture": "#0"},
				"south": {"uv": [14, 1, 16, 2], "texture": "#0"},
				"west": {"uv": [14, 1, 15, 2], "rotation": 270, "texture": "#0"},
				"up": {"uv": [14, 1, 16, 2], "texture": "#0"},
				"down": {"uv": [14, 2, 16, 1], "texture": "#0"}
			}
		},
		{
			"name": "double_black_3",
			"from": [10, 0, 2],
			"to": [11, 0.5, 4],
			"faces": {
				"north": {"uv": [11, 2, 10, 3], "texture": "#0"},
				"east": {"uv": [10, 2, 11, 4], "rotation": 90, "texture": "#0"},
				"south": {"uv": [10, 3, 11, 4], "texture": "#0"},
				"west": {"uv": [10, 2, 11, 4], "rotation": 270, "texture": "#0"},
				"up": {"uv": [10, 2, 11, 4], "texture": "#0"},
				"down": {"uv": [10, 4, 11, 2], "texture": "#0"}
			}
		},
		{
			"name": "double_black_4",
			"from": [14, 0, 2],
			"to": [15, 0.5, 4],
			"faces": {
				"north": {"uv": [15, 2, 14, 3], "texture": "#0"},
				"east": {"uv": [14, 2, 15, 4], "rotation": 90, "texture": "#0"},
				"south": {"uv": [14, 3, 15, 4], "texture": "#0"},
				"west": {"uv": [14, 2, 15, 4], "rotation": 270, "texture": "#0"},
				"up": {"uv": [14, 2, 15, 4], "texture": "#0"},
				"down": {"uv": [14, 4, 15, 2], "texture": "#0"}
			}
		},
		{
			"name": "double_black_5",
			"from": [12, 0, 3],
			"to": [13, 0.5, 5],
			"faces": {
				"north": {"uv": [13, 3, 12, 4], "texture": "#0"},
				"east": {"uv": [12, 3, 13, 5], "rotation": 90, "texture": "#0"},
				"south": {"uv": [12, 4, 13, 5], "texture": "#0"},
				"west": {"uv": [12, 3, 13, 5], "rotation": 270, "texture": "#0"},
				"up": {"uv": [12, 3, 13, 5], "texture": "#0"},
				"down": {"uv": [12, 5, 13, 3], "texture": "#0"}
			}
		},
		{
			"name": "double_black_6",
			"from": [5, 0, 5],
			"to": [6, 0.5, 7],
			"faces": {
				"north": {"uv": [6, 5, 5, 6], "texture": "#0"},
				"east": {"uv": [5, 5, 6, 7], "rotation": 90, "texture": "#0"},
				"south": {"uv": [5, 6, 6, 7], "texture": "#0"},
				"west": {"uv": [5, 5, 6, 7], "rotation": 270, "texture": "#0"},
				"up": {"uv": [5, 5, 6, 7], "texture": "#0"},
				"down": {"uv": [5, 7, 6, 5], "texture": "#0"}
			}
		},
		{
			"name": "double_black_7",
			"from": [7, 0, 5],
			"to": [9, 0.5, 6],
			"faces": {
				"north": {"uv": [9, 5, 7, 6], "texture": "#0"},
				"east": {"uv": [8, 5, 9, 6], "rotation": 90, "texture": "#0"},
				"south": {"uv": [7, 5, 9, 6], "texture": "#0"},
				"west": {"uv": [7, 5, 8, 6], "rotation": 270, "texture": "#0"},
				"up": {"uv": [7, 5, 9, 6], "texture": "#0"},
				"down": {"uv": [7, 6, 9, 5], "texture": "#0"}
			}
		},
		{
			"name": "double_black_8",
			"from": [7, 0, 6],
			"to": [8, 0.5, 7],
			"faces": {
				"north": {"uv": [8, 6, 7, 7], "texture": "#0"},
				"east": {"uv": [7, 6, 8, 7], "rotation": 90, "texture": "#0"},
				"south": {"uv": [7, 6, 8, 7], "texture": "#0"},
				"west": {"uv": [7, 6, 8, 7], "rotation": 270, "texture": "#0"},
				"up": {"uv": [7, 6, 8, 7], "texture": "#0"},
				"down": {"uv": [7, 7, 8, 6], "texture": "#0"}
			}
		},
		{
			"name": "double_black_9",
			"from": [1, 0, 7],
			"to": [2, 0.5, 9],
			"faces": {
				"north": {"uv": [2, 7, 1, 8], "texture": "#0"},
				"east": {"uv": [1, 7, 2, 9], "rotation": 90, "texture": "#0"},
				"south": {"uv": [1, 8, 2, 9], "texture": "#0"},
				"west": {"uv": [1, 7, 2, 9], "rotation": 270, "texture": "#0"},
				"up": {"uv": [1, 7, 2, 9], "texture": "#0"},
				"down": {"uv": [1, 9, 2, 7], "texture": "#0"}
			}
		},
		{
			"name": "double_black_10",
			"from": [11, 0, 7],
			"to": [12, 0.5, 9],
			"faces": {
				"north": {"uv": [12, 7, 11, 8], "texture": "#0"},
				"east": {"uv": [11, 7, 12, 9], "rotation": 90, "texture": "#0"},
				"south": {"uv": [11, 8, 12, 9], "texture": "#0"},
				"west": {"uv": [11, 7, 12, 9], "rotation": 270, "texture": "#0"},
				"up": {"uv": [11, 7, 12, 9], "texture": "#0"},
				"down": {"uv": [11, 9, 12, 7], "texture": "#0"}
			}
		},
		{
			"name": "double_black_11",
			"from": [13, 0, 9],
			"to": [15, 0.5, 10],
			"faces": {
				"north": {"uv": [15, 9, 13, 10], "texture": "#0"},
				"east": {"uv": [14, 9, 15, 10], "rotation": 90, "texture": "#0"},
				"south": {"uv": [13, 9, 15, 10], "texture": "#0"},
				"west": {"uv": [13, 9, 14, 10], "rotation": 270, "texture": "#0"},
				"up": {"uv": [13, 9, 15, 10], "texture": "#0"},
				"down": {"uv": [13, 10, 15, 9], "texture": "#0"}
			}
		},
		{
			"name": "double_black_12",
			"from": [4, 0, 10],
			"to": [5, 0.5, 12],
			"faces": {
				"north": {"uv": [5, 10, 4, 11], "texture": "#0"},
				"east": {"uv": [4, 10, 5, 12], "rotation": 90, "texture": "#0"},
				"south": {"uv": [4, 11, 5, 12], "texture": "#0"},
				"west": {"uv": [4, 10, 5, 12], "rotation": 270, "texture": "#0"},
				"up": {"uv": [4, 10, 5, 12], "texture": "#0"},
				"down": {"uv": [4, 12, 5, 10], "texture": "#0"}
			}
		},
		{
			"name": "double_black_13",
			"from": [14, 0, 10],
			"to": [15, 0.5, 12],
			"faces": {
				"north": {"uv": [15, 10, 14, 11], "texture": "#0"},
				"east": {"uv": [14, 10, 15, 12], "rotation": 90, "texture": "#0"},
				"south": {"uv": [14, 11, 15, 12], "texture": "#0"},
				"west": {"uv": [14, 10, 15, 12], "rotation": 270, "texture": "#0"},
				"up": {"uv": [14, 10, 15, 12], "texture": "#0"},
				"down": {"uv": [14, 12, 15, 10], "texture": "#0"}
			}
		},
		{
			"name": "double_black_14",
			"from": [8, 0, 11],
			"to": [10, 0.5, 12],
			"faces": {
				"north": {"uv": [10, 11, 8, 12], "texture": "#0"},
				"east": {"uv": [9, 11, 10, 12], "rotation": 90, "texture": "#0"},
				"south": {"uv": [8, 11, 10, 12], "texture": "#0"},
				"west": {"uv": [8, 11, 9, 12], "rotation": 270, "texture": "#0"},
				"up": {"uv": [8, 11, 10, 12], "texture": "#0"},
				"down": {"uv": [8, 12, 10, 11], "texture": "#0"}
			}
		},
		{
			"name": "double_black_15",
			"from": [8, 0, 12],
			"to": [9, 0.5, 14],
			"faces": {
				"north": {"uv": [9, 12, 8, 13], "texture": "#0"},
				"east": {"uv": [8, 12, 9, 14], "rotation": 90, "texture": "#0"},
				"south": {"uv": [8, 13, 9, 14], "texture": "#0"},
				"west": {"uv": [8, 12, 9, 14], "rotation": 270, "texture": "#0"},
				"up": {"uv": [8, 12, 9, 14], "texture": "#0"},
				"down": {"uv": [8, 14, 9, 12], "texture": "#0"}
			}
		},
		{
			"name": "double_black_16",
			"from": [11, 0, 12],
			"to": [12, 0.5, 14],
			"faces": {
				"north": {"uv": [12, 12, 11, 13], "texture": "#0"},
				"east": {"uv": [11, 12, 12, 14], "rotation": 90, "texture": "#0"},
				"south": {"uv": [11, 13, 12, 14], "texture": "#0"},
				"west": {"uv": [11, 12, 12, 14], "rotation": 270, "texture": "#0"},
				"up": {"uv": [11, 12, 12, 14], "texture": "#0"},
				"down": {"uv": [11, 14, 12, 12], "texture": "#0"}
			}
		},
		{
			"name": "double_black_17",
			"from": [2, 0, 13],
			"to": [3, 0.5, 15],
			"faces": {
				"north": {"uv": [3, 13, 2, 14], "texture": "#0"},
				"east": {"uv": [2, 13, 3, 15], "rotation": 90, "texture": "#0"},
				"south": {"uv": [2, 14, 3, 15], "texture": "#0"},
				"west": {"uv": [2, 13, 3, 15], "rotation": 270, "texture": "#0"},
				"up": {"uv": [2, 13, 3, 15], "texture": "#0"},
				"down": {"uv": [2, 15, 3, 13], "texture": "#0"}
			}
		},
		{
			"name": "double_black_18",
			"from": [12, 0, 14],
			"to": [14, 0.5, 15],
			"faces": {
				"north": {"uv": [14, 14, 12, 15], "texture": "#0"},
				"east": {"uv": [13, 14, 14, 15], "rotation": 90, "texture": "#0"},
				"south": {"uv": [12, 14, 14, 15], "texture": "#0"},
				"west": {"uv": [12, 14, 13, 15], "rotation": 270, "texture": "#0"},
				"up": {"uv": [12, 14, 14, 15], "texture": "#0"},
				"down": {"uv": [12, 15, 14, 14], "texture": "#0"}
			}
		},
		{
			"name": "double_black_19",
			"from": [13, 0, 15],
			"to": [14, 0.5, 16],
			"faces": {
				"north": {"uv": [14, 15, 13, 16], "texture": "#0"},
				"east": {"uv": [13, 15, 14, 16], "rotation": 90, "texture": "#0"},
				"south": {"uv": [13, 15, 14, 16], "texture": "#0"},
				"west": {"uv": [13, 15, 14, 16], "rotation": 270, "texture": "#0"},
				"up": {"uv": [13, 15, 14, 16], "texture": "#0"},
				"down": {"uv": [13, 16, 14, 15], "texture": "#0"}
			}
		}
	],
	"display": {
		"thirdperson_righthand": {
			"rotation": [90, 0, 0],
			"translation": [-0.25, 1.75, 5.5],
			"scale": [0.5, 0.5, 0.5]
		},
		"thirdperson_lefthand": {
			"rotation": [90, 0, 0],
			"translation": [-0.25, 1.75, 5.5],
			"scale": [0.5, 0.5, 0.5]
		},
		"firstperson_righthand": {
			"rotation": [80, 0, 0],
			"translation": [8.75, -3.5, 0]
		},
		"firstperson_lefthand": {
			"rotation": [80, 0, 0],
			"translation": [11, -6.25, 0]
		},
		"ground": {
			"translation": [0, 3.75, 0],
			"scale": [0.5, 0.5, 0.5]
		},
		"gui": {
			"rotation": [90, 0, 0],
			"scale": [0.9, 0.9, 0.9]
		},
		"head": {
			"rotation": [90, 0, 0],
			"translation": [0, 0, 1.75]
		},
		"fixed": {
			"rotation": [90, 0, 0],
			"translation": [0, 0, 17],
			"scale": [2, 2, 2]
		}
	},
	"groups": [
		{
			"name": "double_black",
			"origin": [8, 8, 8],
			"children": [0, 1, 2, 3, 4, 5, 6, 7, 8, 9, 10, 11, 12, 13, 14, 15, 16, 17, 18, 19]
		}
	]
}