{
	"credit": "Made with Blockbench",
	"parent": "generated",
	"texture_size": [32, 32],
	"textures": {
		"0": "./greatbow",
		"particle": "./greatbow"
	},
	"elements": [
		{
			"name": "greatbow_0",
			"from": [20, 0, -8],
			"to": [24, 1, -7],
			"rotation": {"angle": 0, "axis": "y", "origin": [-8, 0, -8]},
			"faces": {
				"north": {"uv": [16, 0, 14, 0.5], "texture": "#0"},
				"east": {"uv": [15.5, 0, 16, 0.5], "rotation": 90, "texture": "#0"},
				"south": {"uv": [14, 0, 16, 0.5], "texture": "#0"},
				"west": {"uv": [14, 0, 14.5, 0.5], "rotation": 270, "texture": "#0"},
				"up": {"uv": [14, 0, 16, 0.5], "texture": "#0"},
				"down": {"uv": [14, 0.5, 16, 0], "texture": "#0"}
			}
		},
		{
			"name": "greatbow_1",
			"from": [11, 0, -7],
			"to": [12, 1, -2],
			"rotation": {"angle": 0, "axis": "y", "origin": [-8, 0, -8]},
			"faces": {
				"north": {"uv": [10, 0.5, 9.5, 1], "texture": "#0"},
				"east": {"uv": [9.5, 0.5, 10, 3], "rotation": 90, "texture": "#0"},
				"south": {"uv": [9.5, 2.5, 10, 3], "texture": "#0"},
				"west": {"uv": [9.5, 0.5, 10, 3], "rotation": 270, "texture": "#0"},
				"up": {"uv": [9.5, 0.5, 10, 3], "texture": "#0"},
				"down": {"uv": [9.5, 3, 10, 0.5], "texture": "#0"}
			}
		},
		{
			"name": "greatbow_2",
			"from": [20, 0, -7],
			"to": [21, 1, -6],
			"rotation": {"angle": 0, "axis": "y", "origin": [-8, 0, -8]},
			"faces": {
				"north": {"uv": [14.5, 0.5, 14, 1], "texture": "#0"},
				"east": {"uv": [14, 0.5, 14.5, 1], "rotation": 90, "texture": "#0"},
				"south": {"uv": [14, 0.5, 14.5, 1], "texture": "#0"},
				"west": {"uv": [14, 0.5, 14.5, 1], "rotation": 270, "texture": "#0"},
				"up": {"uv": [14, 0.5, 14.5, 1], "texture": "#0"},
				"down": {"uv": [14, 1, 14.5, 0.5], "texture": "#0"}
			}
		},
		{
			"name": "greatbow_3",
			"from": [23, 0, -7],
			"to": [24, 1, -3],
			"rotation": {"angle": 0, "axis": "y", "origin": [-8, 0, -8]},
			"faces": {
				"north": {"uv": [16, 0.5, 15.5, 1], "texture": "#0"},
				"east": {"uv": [15.5, 0.5, 16, 2.5], "rotation": 90, "texture": "#0"},
				"south": {"uv": [15.5, 2, 16, 2.5], "texture": "#0"},
				"west": {"uv": [15.5, 0.5, 16, 2.5], "rotation": 270, "texture": "#0"},
				"up": {"uv": [15.5, 0.5, 16, 2.5], "texture": "#0"},
				"down": {"uv": [15.5, 2.5, 16, 0.5], "texture": "#0"}
			}
		},
		{
			"name": "greatbow_4",
			"from": [10, 0, -6],
			"to": [11, 1, -2],
			"rotation": {"angle": 0, "axis": "y", "origin": [-8, 0, -8]},
			"faces": {
				"north": {"uv": [9.5, 1, 9, 1.5], "texture": "#0"},
				"east": {"uv": [9, 1, 9.5, 3], "rotation": 90, "texture": "#0"},
				"south": {"uv": [9, 2.5, 9.5, 3], "texture": "#0"},
				"west": {"uv": [9, 1, 9.5, 3], "rotation": 270, "texture": "#0"},
				"up": {"uv": [9, 1, 9.5, 3], "texture": "#0"},
				"down": {"uv": [9, 3, 9.5, 1], "texture": "#0"}
			}
		},
		{
			"name": "greatbow_5",
			"from": [19, 0, -6],
			"to": [20, 1, -5],
			"rotation": {"angle": 0, "axis": "y", "origin": [-8, 0, -8]},
			"faces": {
				"north": {"uv": [14, 1, 13.5, 1.5], "texture": "#0"},
				"east": {"uv": [13.5, 1, 14, 1.5], "rotation": 90, "texture": "#0"},
				"south": {"uv": [13.5, 1, 14, 1.5], "texture": "#0"},
				"west": {"uv": [13.5, 1, 14, 1.5], "rotation": 270, "texture": "#0"},
				"up": {"uv": [13.5, 1, 14, 1.5], "texture": "#0"},
				"down": {"uv": [13.5, 1.5, 14, 1], "texture": "#0"}
			}
		},
		{
			"name": "greatbow_6",
			"from": [7, 0, -5],
			"to": [10, 1, -2],
			"rotation": {"angle": 0, "axis": "y", "origin": [-8, 0, -8]},
			"faces": {
				"north": {"uv": [9, 1.5, 7.5, 2], "texture": "#0"},
				"east": {"uv": [8.5, 1.5, 9, 3], "rotation": 90, "texture": "#0"},
				"south": {"uv": [7.5, 2.5, 9, 3], "texture": "#0"},
				"west": {"uv": [7.5, 1.5, 8, 3], "rotation": 270, "texture": "#0"},
				"up": {"uv": [7.5, 1.5, 9, 3], "texture": "#0"},
				"down": {"uv": [7.5, 3, 9, 1.5], "texture": "#0"}
			}
		},
		{
			"name": "greatbow_7",
			"from": [12, 0, -5],
			"to": [18, 1, -3],
			"rotation": {"angle": 0, "axis": "y", "origin": [-8, 0, -8]},
			"faces": {
				"north": {"uv": [13, 1.5, 10, 2], "texture": "#0"},
				"east": {"uv": [12.5, 1.5, 13, 2.5], "rotation": 90, "texture": "#0"},
				"south": {"uv": [10, 2, 13, 2.5], "texture": "#0"},
				"west": {"uv": [10, 1.5, 10.5, 2.5], "rotation": 270, "texture": "#0"},
				"up": {"uv": [10, 1.5, 13, 2.5], "texture": "#0"},
				"down": {"uv": [10, 2.5, 13, 1.5], "texture": "#0"}
			}
		},
		{
			"name": "greatbow_8",
			"from": [22, 0, -5],
			"to": [23, 1, -2],
			"rotation": {"angle": 0, "axis": "y", "origin": [-8, 0, -8]},
			"faces": {
				"north": {"uv": [15.5, 1.5, 15, 2], "texture": "#0"},
				"east": {"uv": [15, 1.5, 15.5, 3], "rotation": 90, "texture": "#0"},
				"south": {"uv": [15, 2.5, 15.5, 3], "texture": "#0"},
				"west": {"uv": [15, 1.5, 15.5, 3], "rotation": 270, "texture": "#0"},
				"up": {"uv": [15, 1.5, 15.5, 3], "texture": "#0"},
				"down": {"uv": [15, 3, 15.5, 1.5], "texture": "#0"}
			}
		},
		{
			"name": "greatbow_9",
			"from": [5, 0, -4],
			"to": [7, 1, 0],
			"rotation": {"angle": 0, "axis": "y", "origin": [-8, 0, -8]},
			"faces": {
				"north": {"uv": [7.5, 2, 6.5, 2.5], "texture": "#0"},
				"east": {"uv": [7, 2, 7.5, 4], "rotation": 90, "texture": "#0"},
				"south": {"uv": [6.5, 3.5, 7.5, 4], "texture": "#0"},
				"west": {"uv": [6.5, 2, 7, 4], "rotation": 270, "texture": "#0"},
				"up": {"uv": [6.5, 2, 7.5, 4], "texture": "#0"},
				"down": {"uv": [6.5, 4, 7.5, 2], "texture": "#0"}
			}
		},
		{
			"name": "greatbow_10",
			"from": [18, 0, -4],
			"to": [22, 1, -2],
			"rotation": {"angle": 0, "axis": "y", "origin": [-8, 0, -8]},
			"faces": {
				"north": {"uv": [15, 2, 13, 2.5], "texture": "#0"},
				"east": {"uv": [14.5, 2, 15, 3], "rotation": 90, "texture": "#0"},
				"south": {"uv": [13, 2.5, 15, 3], "texture": "#0"},
				"west": {"uv": [13, 2, 13.5, 3], "rotation": 270, "texture": "#0"},
				"up": {"uv": [13, 2, 15, 3], "texture": "#0"},
				"down": {"uv": [13, 3, 15, 2], "texture": "#0"}
			}
		},
		{
			"name": "greatbow_11",
			"from": [4, 0, -3],
			"to": [5, 1, 1],
			"rotation": {"angle": 0, "axis": "y", "origin": [-8, 0, -8]},
			"faces": {
				"north": {"uv": [6.5, 2.5, 6, 3], "texture": "#0"},
				"east": {"uv": [6, 2.5, 6.5, 4.5], "rotation": 90, "texture": "#0"},
				"south": {"uv": [6, 4, 6.5, 4.5], "texture": "#0"},
				"west": {"uv": [6, 2.5, 6.5, 4.5], "rotation": 270, "texture": "#0"},
				"up": {"uv": [6, 2.5, 6.5, 4.5], "texture": "#0"},
				"down": {"uv": [6, 4.5, 6.5, 2.5], "texture": "#0"}
			}
		},
		{
			"name": "greatbow_12",
			"from": [12, 0, -3],
			"to": [14, 1, -2],
			"rotation": {"angle": 0, "axis": "y", "origin": [-8, 0, -8]},
			"faces": {
				"north": {"uv": [11, 2.5, 10, 3], "texture": "#0"},
				"east": {"uv": [10.5, 2.5, 11, 3], "rotation": 90, "texture": "#0"},
				"south": {"uv": [10, 2.5, 11, 3], "texture": "#0"},
				"west": {"uv": [10, 2.5, 10.5, 3], "rotation": 270, "texture": "#0"},
				"up": {"uv": [10, 2.5, 11, 3], "texture": "#0"},
				"down": {"uv": [10, 3, 11, 2.5], "texture": "#0"}
			}
		},
		{
			"name": "greatbow_13",
			"from": [17, 0, -3],
			"to": [18, 1, -2],
			"rotation": {"angle": 0, "axis": "y", "origin": [-8, 0, -8]},
			"faces": {
				"north": {"uv": [13, 2.5, 12.5, 3], "texture": "#0"},
				"east": {"uv": [12.5, 2.5, 13, 3], "rotation": 90, "texture": "#0"},
				"south": {"uv": [12.5, 2.5, 13, 3], "texture": "#0"},
				"west": {"uv": [12.5, 2.5, 13, 3], "rotation": 270, "texture": "#0"},
				"up": {"uv": [12.5, 2.5, 13, 3], "texture": "#0"},
				"down": {"uv": [12.5, 3, 13, 2.5], "texture": "#0"}
			}
		},
		{
			"name": "greatbow_14",
			"from": [0, 0, -2],
			"to": [4, 1, -1],
			"rotation": {"angle": 0, "axis": "y", "origin": [-8, 0, -8]},
			"faces": {
				"north": {"uv": [6, 3, 4, 3.5], "texture": "#0"},
				"east": {"uv": [5.5, 3, 6, 3.5], "rotation": 90, "texture": "#0"},
				"south": {"uv": [4, 3, 6, 3.5], "texture": "#0"},
				"west": {"uv": [4, 3, 4.5, 3.5], "rotation": 270, "texture": "#0"},
				"up": {"uv": [4, 3, 6, 3.5], "texture": "#0"},
				"down": {"uv": [4, 3.5, 6, 3], "texture": "#0"}
			}
		},
		{
			"name": "greatbow_15",
			"from": [7, 0, -2],
			"to": [9, 1, -1],
			"rotation": {"angle": 0, "axis": "y", "origin": [-8, 0, -8]},
			"faces": {
				"north": {"uv": [8.5, 3, 7.5, 3.5], "texture": "#0"},
				"east": {"uv": [8, 3, 8.5, 3.5], "rotation": 90, "texture": "#0"},
				"south": {"uv": [7.5, 3, 8.5, 3.5], "texture": "#0"},
				"west": {"uv": [7.5, 3, 8, 3.5], "rotation": 270, "texture": "#0"},
				"up": {"uv": [7.5, 3, 8.5, 3.5], "texture": "#0"},
				"down": {"uv": [7.5, 3.5, 8.5, 3], "texture": "#0"}
			}
		},
		{
			"name": "greatbow_16",
			"from": [19, 0, -2],
			"to": [22, 1, -1],
			"rotation": {"angle": 0, "axis": "y", "origin": [-8, 0, -8]},
			"faces": {
				"north": {"uv": [15, 3, 13.5, 3.5], "texture": "#0"},
				"east": {"uv": [14.5, 3, 15, 3.5], "rotation": 90, "texture": "#0"},
				"south": {"uv": [13.5, 3, 15, 3.5], "texture": "#0"},
				"west": {"uv": [13.5, 3, 14, 3.5], "rotation": 270, "texture": "#0"},
				"up": {"uv": [13.5, 3, 15, 3.5], "texture": "#0"},
				"down": {"uv": [13.5, 3.5, 15, 3], "texture": "#0"}
			}
		},
		{
			"name": "greatbow_17",
			"from": [1, 0, -1],
			"to": [4, 1, 0],
			"rotation": {"angle": 0, "axis": "y", "origin": [-8, 0, -8]},
			"faces": {
				"north": {"uv": [6, 3.5, 4.5, 4], "texture": "#0"},
				"east": {"uv": [5.5, 3.5, 6, 4], "rotation": 90, "texture": "#0"},
				"south": {"uv": [4.5, 3.5, 6, 4], "texture": "#0"},
				"west": {"uv": [4.5, 3.5, 5, 4], "rotation": 270, "texture": "#0"},
				"up": {"uv": [4.5, 3.5, 6, 4], "texture": "#0"},
				"down": {"uv": [4.5, 4, 6, 3.5], "texture": "#0"}
			}
		},
		{
			"name": "greatbow_18",
			"from": [7, 0, -1],
			"to": [8, 1, 0],
			"rotation": {"angle": 0, "axis": "y", "origin": [-8, 0, -8]},
			"faces": {
				"north": {"uv": [8, 3.5, 7.5, 4], "texture": "#0"},
				"east": {"uv": [7.5, 3.5, 8, 4], "rotation": 90, "texture": "#0"},
				"south": {"uv": [7.5, 3.5, 8, 4], "texture": "#0"},
				"west": {"uv": [7.5, 3.5, 8, 4], "rotation": 270, "texture": "#0"},
				"up": {"uv": [7.5, 3.5, 8, 4], "texture": "#0"},
				"down": {"uv": [7.5, 4, 8, 3.5], "texture": "#0"}
			}
		},
		{
			"name": "greatbow_19",
			"from": [18, 0, -1],
			"to": [20, 1, 0],
			"rotation": {"angle": 0, "axis": "y", "origin": [-8, 0, -8]},
			"faces": {
				"north": {"uv": [14, 3.5, 13, 4], "texture": "#0"},
				"east": {"uv": [13.5, 3.5, 14, 4], "rotation": 90, "texture": "#0"},
				"south": {"uv": [13, 3.5, 14, 4], "texture": "#0"},
				"west": {"uv": [13, 3.5, 13.5, 4], "rotation": 270, "texture": "#0"},
				"up": {"uv": [13, 3.5, 14, 4], "texture": "#0"},
				"down": {"uv": [13, 4, 14, 3.5], "texture": "#0"}
			}
		},
		{
			"name": "greatbow_20",
			"from": [-2, 0, 0],
			"to": [-1, 1, 9],
			"rotation": {"angle": 0, "axis": "y", "origin": [-8, 0, -8]},
			"faces": {
				"north": {"uv": [3.5, 4, 3, 4.5], "texture": "#0"},
				"east": {"uv": [3, 4, 3.5, 8.5], "rotation": 90, "texture": "#0"},
				"south": {"uv": [3, 8, 3.5, 8.5], "texture": "#0"},
				"west": {"uv": [3, 4, 3.5, 8.5], "rotation": 270, "texture": "#0"},
				"up": {"uv": [3, 4, 3.5, 8.5], "texture": "#0"},
				"down": {"uv": [3, 8.5, 3.5, 4], "texture": "#0"}
			}
		},
		{
			"name": "greatbow_21",
			"from": [2, 0, 0],
			"to": [4, 1, 3],
			"rotation": {"angle": 0, "axis": "y", "origin": [-8, 0, -8]},
			"faces": {
				"north": {"uv": [6, 4, 5, 4.5], "texture": "#0"},
				"east": {"uv": [5.5, 4, 6, 5.5], "rotation": 90, "texture": "#0"},
				"south": {"uv": [5, 5, 6, 5.5], "texture": "#0"},
				"west": {"uv": [5, 4, 5.5, 5.5], "rotation": 270, "texture": "#0"},
				"up": {"uv": [5, 4, 6, 5.5], "texture": "#0"},
				"down": {"uv": [5, 5.5, 6, 4], "texture": "#0"}
			}
		},
		{
			"name": "greatbow_22",
			"from": [5, 0, 0],
			"to": [6, 1, 1],
			"rotation": {"angle": 0, "axis": "y", "origin": [-8, 0, -8]},
			"faces": {
				"north": {"uv": [7, 4, 6.5, 4.5], "texture": "#0"},
				"east": {"uv": [6.5, 4, 7, 4.5], "rotation": 90, "texture": "#0"},
				"south": {"uv": [6.5, 4, 7, 4.5], "texture": "#0"},
				"west": {"uv": [6.5, 4, 7, 4.5], "rotation": 270, "texture": "#0"},
				"up": {"uv": [6.5, 4, 7, 4.5], "texture": "#0"},
				"down": {"uv": [6.5, 4.5, 7, 4], "texture": "#0"}
			}
		},
		{
			"name": "greatbow_23",
			"from": [17, 0, 0],
			"to": [19, 1, 1],
			"rotation": {"angle": 0, "axis": "y", "origin": [-8, 0, -8]},
			"faces": {
				"north": {"uv": [13.5, 4, 12.5, 4.5], "texture": "#0"},
				"east": {"uv": [13, 4, 13.5, 4.5], "rotation": 90, "texture": "#0"},
				"south": {"uv": [12.5, 4, 13.5, 4.5], "texture": "#0"},
				"west": {"uv": [12.5, 4, 13, 4.5], "rotation": 270, "texture": "#0"},
				"up": {"uv": [12.5, 4, 13.5, 4.5], "texture": "#0"},
				"down": {"uv": [12.5, 4.5, 13.5, 4], "texture": "#0"}
			}
		},
		{
			"name": "greatbow_24",
			"from": [-1, 0, 1],
			"to": [0, 1, 8],
			"rotation": {"angle": 0, "axis": "y", "origin": [-8, 0, -8]},
			"faces": {
				"north": {"uv": [4, 4.5, 3.5, 5], "texture": "#0"},
				"east": {"uv": [3.5, 4.5, 4, 8], "rotation": 90, "texture": "#0"},
				"south": {"uv": [3.5, 7.5, 4, 8], "texture": "#0"},
				"west": {"uv": [3.5, 4.5, 4, 8], "rotation": 270, "texture": "#0"},
				"up": {"uv": [3.5, 4.5, 4, 8], "texture": "#0"},
				"down": {"uv": [3.5, 8, 4, 4.5], "texture": "#0"}
			}
		},
		{
			"name": "greatbow_25",
			"from": [16, 0, 1],
			"to": [18, 1, 2],
			"rotation": {"angle": 0, "axis": "y", "origin": [-8, 0, -8]},
			"faces": {
				"north": {"uv": [13, 4.5, 12, 5], "texture": "#0"},
				"east": {"uv": [12.5, 4.5, 13, 5], "rotation": 90, "texture": "#0"},
				"south": {"uv": [12, 4.5, 13, 5], "texture": "#0"},
				"west": {"uv": [12, 4.5, 12.5, 5], "rotation": 270, "texture": "#0"},
				"up": {"uv": [12, 4.5, 13, 5], "texture": "#0"},
				"down": {"uv": [12, 5, 13, 4.5], "texture": "#0"}
			}
		},
		{
			"name": "greatbow_26",
			"from": [0, 0, 2],
			"to": [2, 1, 4],
			"rotation": {"angle": 0, "axis": "y", "origin": [-8, 0, -8]},
			"faces": {
				"north": {"uv": [5, 5, 4, 5.5], "texture": "#0"},
				"east": {"uv": [4.5, 5, 5, 6], "rotation": 90, "texture": "#0"},
				"south": {"uv": [4, 5.5, 5, 6], "texture": "#0"},
				"west": {"uv": [4, 5, 4.5, 6], "rotation": 270, "texture": "#0"},
				"up": {"uv": [4, 5, 5, 6], "texture": "#0"},
				"down": {"uv": [4, 6, 5, 5], "texture": "#0"}
			}
		},
		{
			"name": "greatbow_27",
			"from": [15, 0, 2],
			"to": [17, 1, 3],
			"rotation": {"angle": 0, "axis": "y", "origin": [-8, 0, -8]},
			"faces": {
				"north": {"uv": [12.5, 5, 11.5, 5.5], "texture": "#0"},
				"east": {"uv": [12, 5, 12.5, 5.5], "rotation": 90, "texture": "#0"},
				"south": {"uv": [11.5, 5, 12.5, 5.5], "texture": "#0"},
				"west": {"uv": [11.5, 5, 12, 5.5], "rotation": 270, "texture": "#0"},
				"up": {"uv": [11.5, 5, 12.5, 5.5], "texture": "#0"},
				"down": {"uv": [11.5, 5.5, 12.5, 5], "texture": "#0"}
			}
		},
		{
			"name": "greatbow_28",
			"from": [2, 0, 3],
			"to": [3, 1, 4],
			"rotation": {"angle": 0, "axis": "y", "origin": [-8, 0, -8]},
			"faces": {
				"north": {"uv": [5.5, 5.5, 5, 6], "texture": "#0"},
				"east": {"uv": [5, 5.5, 5.5, 6], "rotation": 90, "texture": "#0"},
				"south": {"uv": [5, 5.5, 5.5, 6], "texture": "#0"},
				"west": {"uv": [5, 5.5, 5.5, 6], "rotation": 270, "texture": "#0"},
				"up": {"uv": [5, 5.5, 5.5, 6], "texture": "#0"},
				"down": {"uv": [5, 6, 5.5, 5.5], "texture": "#0"}
			}
		},
		{
			"name": "greatbow_29",
			"from": [14, 0, 3],
			"to": [16, 1, 4],
			"rotation": {"angle": 0, "axis": "y", "origin": [-8, 0, -8]},
			"faces": {
				"north": {"uv": [12, 5.5, 11, 6], "texture": "#0"},
				"east": {"uv": [11.5, 5.5, 12, 6], "rotation": 90, "texture": "#0"},
				"south": {"uv": [11, 5.5, 12, 6], "texture": "#0"},
				"west": {"uv": [11, 5.5, 11.5, 6], "rotation": 270, "texture": "#0"},
				"up": {"uv": [11, 5.5, 12, 6], "texture": "#0"},
				"down": {"uv": [11, 6, 12, 5.5], "texture": "#0"}
			}
		},
		{
			"name": "greatbow_30",
			"from": [-3, 0, 4],
			"to": [-2, 1, 14],
			"rotation": {"angle": 0, "axis": "y", "origin": [-8, 0, -8]},
			"faces": {
				"north": {"uv": [3, 6, 2.5, 6.5], "texture": "#0"},
				"east": {"uv": [2.5, 6, 3, 11], "rotation": 90, "texture": "#0"},
				"south": {"uv": [2.5, 10.5, 3, 11], "texture": "#0"},
				"west": {"uv": [2.5, 6, 3, 11], "rotation": 270, "texture": "#0"},
				"up": {"uv": [2.5, 6, 3, 11], "texture": "#0"},
				"down": {"uv": [2.5, 11, 3, 6], "texture": "#0"}
			}
		},
		{
			"name": "greatbow_31",
			"from": [0, 0, 4],
			"to": [1, 1, 6],
			"rotation": {"angle": 0, "axis": "y", "origin": [-8, 0, -8]},
			"faces": {
				"north": {"uv": [4.5, 6, 4, 6.5], "texture": "#0"},
				"east": {"uv": [4, 6, 4.5, 7], "rotation": 90, "texture": "#0"},
				"south": {"uv": [4, 6.5, 4.5, 7], "texture": "#0"},
				"west": {"uv": [4, 6, 4.5, 7], "rotation": 270, "texture": "#0"},
				"up": {"uv": [4, 6, 4.5, 7], "texture": "#0"},
				"down": {"uv": [4, 7, 4.5, 6], "texture": "#0"}
			}
		},
		{
			"name": "greatbow_32",
			"from": [13, 0, 4],
			"to": [15, 1, 5],
			"rotation": {"angle": 0, "axis": "y", "origin": [-8, 0, -8]},
			"faces": {
				"north": {"uv": [11.5, 6, 10.5, 6.5], "texture": "#0"},
				"east": {"uv": [11, 6, 11.5, 6.5], "rotation": 90, "texture": "#0"},
				"south": {"uv": [10.5, 6, 11.5, 6.5], "texture": "#0"},
				"west": {"uv": [10.5, 6, 11, 6.5], "rotation": 270, "texture": "#0"},
				"up": {"uv": [10.5, 6, 11.5, 6.5], "texture": "#0"},
				"down": {"uv": [10.5, 6.5, 11.5, 6], "texture": "#0"}
			}
		},
		{
			"name": "greatbow_33",
			"from": [-4, 0, 5],
			"to": [-3, 1, 24],
			"rotation": {"angle": 0, "axis": "y", "origin": [-8, 0, -8]},
			"faces": {
				"north": {"uv": [2.5, 6.5, 2, 7], "texture": "#0"},
				"east": {"uv": [2, 6.5, 2.5, 16], "rotation": 90, "texture": "#0"},
				"south": {"uv": [2, 15.5, 2.5, 16], "texture": "#0"},
				"west": {"uv": [2, 6.5, 2.5, 16], "rotation": 270, "texture": "#0"},
				"up": {"uv": [2, 6.5, 2.5, 16], "texture": "#0"},
				"down": {"uv": [2, 16, 2.5, 6.5], "texture": "#0"}
			}
		},
		{
			"name": "greatbow_34",
			"from": [12, 0, 5],
			"to": [14, 1, 6],
			"rotation": {"angle": 0, "axis": "y", "origin": [-8, 0, -8]},
			"faces": {
				"north": {"uv": [11, 6.5, 10, 7], "texture": "#0"},
				"east": {"uv": [10.5, 6.5, 11, 7], "rotation": 90, "texture": "#0"},
				"south": {"uv": [10, 6.5, 11, 7], "texture": "#0"},
				"west": {"uv": [10, 6.5, 10.5, 7], "rotation": 270, "texture": "#0"},
				"up": {"uv": [10, 6.5, 11, 7], "texture": "#0"},
				"down": {"uv": [10, 7, 11, 6.5], "texture": "#0"}
			}
		},
		{
			"name": "greatbow_35",
			"from": [11, 0, 6],
			"to": [13, 1, 7],
			"rotation": {"angle": 0, "axis": "y", "origin": [-8, 0, -8]},
			"faces": {
				"north": {"uv": [10.5, 7, 9.5, 7.5], "texture": "#0"},
				"east": {"uv": [10, 7, 10.5, 7.5], "rotation": 90, "texture": "#0"},
				"south": {"uv": [9.5, 7, 10.5, 7.5], "texture": "#0"},
				"west": {"uv": [9.5, 7, 10, 7.5], "rotation": 270, "texture": "#0"},
				"up": {"uv": [9.5, 7, 10.5, 7.5], "texture": "#0"},
				"down": {"uv": [9.5, 7.5, 10.5, 7], "texture": "#0"}
			}
		},
		{
			"name": "greatbow_36",
			"from": [-5, 0, 7],
			"to": [-4, 1, 18],
			"rotation": {"angle": 0, "axis": "y", "origin": [-8, 0, -8]},
			"faces": {
				"north": {"uv": [2, 7.5, 1.5, 8], "texture": "#0"},
				"east": {"uv": [1.5, 7.5, 2, 13], "rotation": 90, "texture": "#0"},
				"south": {"uv": [1.5, 12.5, 2, 13], "texture": "#0"},
				"west": {"uv": [1.5, 7.5, 2, 13], "rotation": 270, "texture": "#0"},
				"up": {"uv": [1.5, 7.5, 2, 13], "texture": "#0"},
				"down": {"uv": [1.5, 13, 2, 7.5], "texture": "#0"}
			}
		},
		{
			"name": "greatbow_37",
			"from": [10, 0, 7],
			"to": [12, 1, 8],
			"rotation": {"angle": 0, "axis": "y", "origin": [-8, 0, -8]},
			"faces": {
				"north": {"uv": [10, 7.5, 9, 8], "texture": "#0"},
				"east": {"uv": [9.5, 7.5, 10, 8], "rotation": 90, "texture": "#0"},
				"south": {"uv": [9, 7.5, 10, 8], "texture": "#0"},
				"west": {"uv": [9, 7.5, 9.5, 8], "rotation": 270, "texture": "#0"},
				"up": {"uv": [9, 7.5, 10, 8], "texture": "#0"},
				"down": {"uv": [9, 8, 10, 7.5], "texture": "#0"}
			}
		},
		{
			"name": "greatbow_38",
			"from": [9, 0, 8],
			"to": [11, 1, 9],
			"rotation": {"angle": 0, "axis": "y", "origin": [-8, 0, -8]},
			"faces": {
				"north": {"uv": [9.5, 8, 8.5, 8.5], "texture": "#0"},
				"east": {"uv": [9, 8, 9.5, 8.5], "rotation": 90, "texture": "#0"},
				"south": {"uv": [8.5, 8, 9.5, 8.5], "texture": "#0"},
				"west": {"uv": [8.5, 8, 9, 8.5], "rotation": 270, "texture": "#0"},
				"up": {"uv": [8.5, 8, 9.5, 8.5], "texture": "#0"},
				"down": {"uv": [8.5, 8.5, 9.5, 8], "texture": "#0"}
			}
		},
		{
			"name": "greatbow_39",
			"from": [8, 0, 9],
			"to": [10, 1, 10],
			"rotation": {"angle": 0, "axis": "y", "origin": [-8, 0, -8]},
			"faces": {
				"north": {"uv": [9, 8.5, 8, 9], "texture": "#0"},
				"east": {"uv": [8.5, 8.5, 9, 9], "rotation": 90, "texture": "#0"},
				"south": {"uv": [8, 8.5, 9, 9], "texture": "#0"},
				"west": {"uv": [8, 8.5, 8.5, 9], "rotation": 270, "texture": "#0"},
				"up": {"uv": [8, 8.5, 9, 9], "texture": "#0"},
				"down": {"uv": [8, 9, 9, 8.5], "texture": "#0"}
			}
		},
		{
			"name": "greatbow_40",
			"from": [-6, 0, 10],
			"to": [-5, 1, 12],
			"rotation": {"angle": 0, "axis": "y", "origin": [-8, 0, -8]},
			"faces": {
				"north": {"uv": [1.5, 9, 1, 9.5], "texture": "#0"},
				"east": {"uv": [1, 9, 1.5, 10], "rotation": 90, "texture": "#0"},
				"south": {"uv": [1, 9.5, 1.5, 10], "texture": "#0"},
				"west": {"uv": [1, 9, 1.5, 10], "rotation": 270, "texture": "#0"},
				"up": {"uv": [1, 9, 1.5, 10], "texture": "#0"},
				"down": {"uv": [1, 10, 1.5, 9], "texture": "#0"}
			}
		},
		{
			"name": "greatbow_41",
			"from": [7, 0, 10],
			"to": [9, 1, 11],
			"rotation": {"angle": 0, "axis": "y", "origin": [-8, 0, -8]},
			"faces": {
				"north": {"uv": [8.5, 9, 7.5, 9.5], "texture": "#0"},
				"east": {"uv": [8, 9, 8.5, 9.5], "rotation": 90, "texture": "#0"},
				"south": {"uv": [7.5, 9, 8.5, 9.5], "texture": "#0"},
				"west": {"uv": [7.5, 9, 8, 9.5], "rotation": 270, "texture": "#0"},
				"up": {"uv": [7.5, 9, 8.5, 9.5], "texture": "#0"},
				"down": {"uv": [7.5, 9.5, 8.5, 9], "texture": "#0"}
			}
		},
		{
			"name": "greatbow_42",
			"from": [-7, 0, 11],
			"to": [-6, 1, 12],
			"rotation": {"angle": 0, "axis": "y", "origin": [-8, 0, -8]},
			"faces": {
				"north": {"uv": [1, 9.5, 0.5, 10], "texture": "#0"},
				"east": {"uv": [0.5, 9.5, 1, 10], "rotation": 90, "texture": "#0"},
				"south": {"uv": [0.5, 9.5, 1, 10], "texture": "#0"},
				"west": {"uv": [0.5, 9.5, 1, 10], "rotation": 270, "texture": "#0"},
				"up": {"uv": [0.5, 9.5, 1, 10], "texture": "#0"},
				"down": {"uv": [0.5, 10, 1, 9.5], "texture": "#0"}
			}
		},
		{
			"name": "greatbow_43",
			"from": [6, 0, 11],
			"to": [8, 1, 12],
			"rotation": {"angle": 0, "axis": "y", "origin": [-8, 0, -8]},
			"faces": {
				"north": {"uv": [8, 9.5, 7, 10], "texture": "#0"},
				"east": {"uv": [7.5, 9.5, 8, 10], "rotation": 90, "texture": "#0"},
				"south": {"uv": [7, 9.5, 8, 10], "texture": "#0"},
				"west": {"uv": [7, 9.5, 7.5, 10], "rotation": 270, "texture": "#0"},
				"up": {"uv": [7, 9.5, 8, 10], "texture": "#0"},
				"down": {"uv": [7, 10, 8, 9.5], "texture": "#0"}
			}
		},
		{
			"name": "greatbow_44",
			"from": [5, 0, 12],
			"to": [7, 1, 13],
			"rotation": {"angle": 0, "axis": "y", "origin": [-8, 0, -8]},
			"faces": {
				"north": {"uv": [7.5, 10, 6.5, 10.5], "texture": "#0"},
				"east": {"uv": [7, 10, 7.5, 10.5], "rotation": 90, "texture": "#0"},
				"south": {"uv": [6.5, 10, 7.5, 10.5], "texture": "#0"},
				"west": {"uv": [6.5, 10, 7, 10.5], "rotation": 270, "texture": "#0"},
				"up": {"uv": [6.5, 10, 7.5, 10.5], "texture": "#0"},
				"down": {"uv": [6.5, 10.5, 7.5, 10], "texture": "#0"}
			}
		},
		{
			"name": "greatbow_45",
			"from": [4, 0, 13],
			"to": [6, 1, 14],
			"rotation": {"angle": 0, "axis": "y", "origin": [-8, 0, -8]},
			"faces": {
				"north": {"uv": [7, 10.5, 6, 11], "texture": "#0"},
				"east": {"uv": [6.5, 10.5, 7, 11], "rotation": 90, "texture": "#0"},
				"south": {"uv": [6, 10.5, 7, 11], "texture": "#0"},
				"west": {"uv": [6, 10.5, 6.5, 11], "rotation": 270, "texture": "#0"},
				"up": {"uv": [6, 10.5, 7, 11], "texture": "#0"},
				"down": {"uv": [6, 11, 7, 10.5], "texture": "#0"}
			}
		},
		{
			"name": "greatbow_46",
			"from": [3, 0, 14],
			"to": [5, 1, 15],
			"rotation": {"angle": 0, "axis": "y", "origin": [-8, 0, -8]},
			"faces": {
				"north": {"uv": [6.5, 11, 5.5, 11.5], "texture": "#0"},
				"east": {"uv": [6, 11, 6.5, 11.5], "rotation": 90, "texture": "#0"},
				"south": {"uv": [5.5, 11, 6.5, 11.5], "texture": "#0"},
				"west": {"uv": [5.5, 11, 6, 11.5], "rotation": 270, "texture": "#0"},
				"up": {"uv": [5.5, 11, 6.5, 11.5], "texture": "#0"},
				"down": {"uv": [5.5, 11.5, 6.5, 11], "texture": "#0"}
			}
		},
		{
			"name": "greatbow_47",
			"from": [2, 0, 15],
			"to": [4, 1, 16],
			"rotation": {"angle": 0, "axis": "y", "origin": [-8, 0, -8]},
			"faces": {
				"north": {"uv": [6, 11.5, 5, 12], "texture": "#0"},
				"east": {"uv": [5.5, 11.5, 6, 12], "rotation": 90, "texture": "#0"},
				"south": {"uv": [5, 11.5, 6, 12], "texture": "#0"},
				"west": {"uv": [5, 11.5, 5.5, 12], "rotation": 270, "texture": "#0"},
				"up": {"uv": [5, 11.5, 6, 12], "texture": "#0"},
				"down": {"uv": [5, 12, 6, 11.5], "texture": "#0"}
			}
		},
		{
			"name": "greatbow_48",
			"from": [1, 0, 16],
			"to": [3, 1, 17],
			"rotation": {"angle": 0, "axis": "y", "origin": [-8, 0, -8]},
			"faces": {
				"north": {"uv": [5.5, 12, 4.5, 12.5], "texture": "#0"},
				"east": {"uv": [5, 12, 5.5, 12.5], "rotation": 90, "texture": "#0"},
				"south": {"uv": [4.5, 12, 5.5, 12.5], "texture": "#0"},
				"west": {"uv": [4.5, 12, 5, 12.5], "rotation": 270, "texture": "#0"},
				"up": {"uv": [4.5, 12, 5.5, 12.5], "texture": "#0"},
				"down": {"uv": [4.5, 12.5, 5.5, 12], "texture": "#0"}
			}
		},
		{
			"name": "greatbow_49",
			"from": [-3, 0, 17],
			"to": [-2, 1, 23],
			"rotation": {"angle": 0, "axis": "y", "origin": [-8, 0, -8]},
			"faces": {
				"north": {"uv": [3, 12.5, 2.5, 13], "texture": "#0"},
				"east": {"uv": [2.5, 12.5, 3, 15.5], "rotation": 90, "texture": "#0"},
				"south": {"uv": [2.5, 15, 3, 15.5], "texture": "#0"},
				"west": {"uv": [2.5, 12.5, 3, 15.5], "rotation": 270, "texture": "#0"},
				"up": {"uv": [2.5, 12.5, 3, 15.5], "texture": "#0"},
				"down": {"uv": [2.5, 15.5, 3, 12.5], "texture": "#0"}
			}
		},
		{
			"name": "greatbow_50",
			"from": [0, 0, 17],
			"to": [2, 1, 18],
			"rotation": {"angle": 0, "axis": "y", "origin": [-8, 0, -8]},
			"faces": {
				"north": {"uv": [5, 12.5, 4, 13], "texture": "#0"},
				"east": {"uv": [4.5, 12.5, 5, 13], "rotation": 90, "texture": "#0"},
				"south": {"uv": [4, 12.5, 5, 13], "texture": "#0"},
				"west": {"uv": [4, 12.5, 4.5, 13], "rotation": 270, "texture": "#0"},
				"up": {"uv": [4, 12.5, 5, 13], "texture": "#0"},
				"down": {"uv": [4, 13, 5, 12.5], "texture": "#0"}
			}
		},
		{
			"name": "greatbow_51",
			"from": [-1, 0, 18],
			"to": [1, 1, 19],
			"rotation": {"angle": 0, "axis": "y", "origin": [-8, 0, -8]},
			"faces": {
				"north": {"uv": [4.5, 13, 3.5, 13.5], "texture": "#0"},
				"east": {"uv": [4, 13, 4.5, 13.5], "rotation": 90, "texture": "#0"},
				"south": {"uv": [3.5, 13, 4.5, 13.5], "texture": "#0"},
				"west": {"uv": [3.5, 13, 4, 13.5], "rotation": 270, "texture": "#0"},
				"up": {"uv": [3.5, 13, 4.5, 13.5], "texture": "#0"},
				"down": {"uv": [3.5, 13.5, 4.5, 13], "texture": "#0"}
			}
		},
		{
			"name": "greatbow_52",
			"from": [-6, 0, 19],
			"to": [-5, 1, 20],
			"rotation": {"angle": 0, "axis": "y", "origin": [-8, 0, -8]},
			"faces": {
				"north": {"uv": [1.5, 13.5, 1, 14], "texture": "#0"},
				"east": {"uv": [1, 13.5, 1.5, 14], "rotation": 90, "texture": "#0"},
				"south": {"uv": [1, 13.5, 1.5, 14], "texture": "#0"},
				"west": {"uv": [1, 13.5, 1.5, 14], "rotation": 270, "texture": "#0"},
				"up": {"uv": [1, 13.5, 1.5, 14], "texture": "#0"},
				"down": {"uv": [1, 14, 1.5, 13.5], "texture": "#0"}
			}
		},
		{
			"name": "greatbow_53",
			"from": [-2, 0, 19],
			"to": [0, 1, 20],
			"rotation": {"angle": 0, "axis": "y", "origin": [-8, 0, -8]},
			"faces": {
				"north": {"uv": [4, 13.5, 3, 14], "texture": "#0"},
				"east": {"uv": [3.5, 13.5, 4, 14], "rotation": 90, "texture": "#0"},
				"south": {"uv": [3, 13.5, 4, 14], "texture": "#0"},
				"west": {"uv": [3, 13.5, 3.5, 14], "rotation": 270, "texture": "#0"},
				"up": {"uv": [3, 13.5, 4, 14], "texture": "#0"},
				"down": {"uv": [3, 14, 4, 13.5], "texture": "#0"}
			}
		},
		{
			"name": "greatbow_54",
			"from": [-8, 0, 20],
			"to": [-6, 1, 21],
			"rotation": {"angle": 0, "axis": "y", "origin": [-8, 0, -8]},
			"faces": {
				"north": {"uv": [1, 14, 0, 14.5], "texture": "#0"},
				"east": {"uv": [0.5, 14, 1, 14.5], "rotation": 90, "texture": "#0"},
				"south": {"uv": [0, 14, 1, 14.5], "texture": "#0"},
				"west": {"uv": [0, 14, 0.5, 14.5], "rotation": 270, "texture": "#0"},
				"up": {"uv": [0, 14, 1, 14.5], "texture": "#0"},
				"down": {"uv": [0, 14.5, 1, 14], "texture": "#0"}
			}
		},
		{
			"name": "greatbow_55",
			"from": [-2, 0, 20],
			"to": [-1, 1, 22],
			"rotation": {"angle": 0, "axis": "y", "origin": [-8, 0, -8]},
			"faces": {
				"north": {"uv": [3.5, 14, 3, 14.5], "texture": "#0"},
				"east": {"uv": [3, 14, 3.5, 15], "rotation": 90, "texture": "#0"},
				"south": {"uv": [3, 14.5, 3.5, 15], "texture": "#0"},
				"west": {"uv": [3, 14, 3.5, 15], "rotation": 270, "texture": "#0"},
				"up": {"uv": [3, 14, 3.5, 15], "texture": "#0"},
				"down": {"uv": [3, 15, 3.5, 14], "texture": "#0"}
			}
		},
		{
			"name": "greatbow_56",
			"from": [-8, 0, 21],
			"to": [-7, 1, 24],
			"rotation": {"angle": 0, "axis": "y", "origin": [-8, 0, -8]},
			"faces": {
				"north": {"uv": [0.5, 14.5, 0, 15], "texture": "#0"},
				"east": {"uv": [0, 14.5, 0.5, 16], "rotation": 90, "texture": "#0"},
				"south": {"uv": [0, 15.5, 0.5, 16], "texture": "#0"},
				"west": {"uv": [0, 14.5, 0.5, 16], "rotation": 270, "texture": "#0"},
				"up": {"uv": [0, 14.5, 0.5, 16], "texture": "#0"},
				"down": {"uv": [0, 16, 0.5, 14.5], "texture": "#0"}
			}
		},
		{
			"name": "greatbow_57",
			"from": [-5, 0, 22],
			"to": [-4, 1, 24],
			"rotation": {"angle": 0, "axis": "y", "origin": [-8, 0, -8]},
			"faces": {
				"north": {"uv": [2, 15, 1.5, 15.5], "texture": "#0"},
				"east": {"uv": [1.5, 15, 2, 16], "rotation": 90, "texture": "#0"},
				"south": {"uv": [1.5, 15.5, 2, 16], "texture": "#0"},
				"west": {"uv": [1.5, 15, 2, 16], "rotation": 270, "texture": "#0"},
				"up": {"uv": [1.5, 15, 2, 16], "texture": "#0"},
				"down": {"uv": [1.5, 16, 2, 15], "texture": "#0"}
			}
		},
		{
			"name": "greatbow_58",
			"from": [-7, 0, 23],
			"to": [-5, 1, 24],
			"rotation": {"angle": 0, "axis": "y", "origin": [-8, 0, -8]},
			"faces": {
				"north": {"uv": [1.5, 15.5, 0.5, 16], "texture": "#0"},
				"east": {"uv": [1, 15.5, 1.5, 16], "rotation": 90, "texture": "#0"},
				"south": {"uv": [0.5, 15.5, 1.5, 16], "texture": "#0"},
				"west": {"uv": [0.5, 15.5, 1, 16], "rotation": 270, "texture": "#0"},
				"up": {"uv": [0.5, 15.5, 1.5, 16], "texture": "#0"},
				"down": {"uv": [0.5, 16, 1.5, 15.5], "texture": "#0"}
			}
		}
	],
	"gui_light": "front",
	"display": {
		"thirdperson_righthand": {
			"rotation": [50, -4, 96],
			"translation": [-6, -0.75, 5.75],
			"scale": [0.7, 0.7, 0.7]
		},
		"thirdperson_lefthand": {
			"rotation": [-45, -5, 87],
			"translation": [-5.75, -0.25, 6],
			"scale": [0.7, 0.7, 0.7]
		},
		"firstperson_righthand": {
			"rotation": [63, -7, 90],
			"translation": [-1.75, 5, -1.5],
			"scale": [0.9, 0.9, 0.9]
		},
		"firstperson_lefthand": {
			"rotation": [63, -13.5, -84],
			"translation": [12, 3, -0.25],
			"scale": [0.9, 0.9, 0.9]
		},
		"ground": {
			"rotation": [90, 15, 0],
			"translation": [0, 5, 0],
			"scale": [0.5, 0.5, 0.5]
		},
		"gui": {
			"rotation": [90, 0, 0],
			"scale": [0.5, 0.5, 0.5]
		},
		"head": {
			"rotation": [90, 90, 0],
			"translation": [0.75, -12.75, 13]
		},
		"fixed": {
			"rotation": [90, 0, -180],
			"translation": [0, 0, -7],
			"scale": [0.75, 0.75, 0.75]
		}
	},
	"groups": [
		{
			"name": "greatbow",
			"origin": [8, 8, 8],
			"color": 0,
			"children": [0, 1, 2, 3, 4, 5, 6, 7, 8, 9, 10, 11, 12, 13, 14, 15, 16, 17, 18, 19, 20, 21, 22, 23, 24, 25, 26, 27, 28, 29, 30, 31, 32, 33, 34, 35, 36, 37, 38, 39, 40, 41, 42, 43, 44, 45, 46, 47, 48, 49, 50, 51, 52, 53, 54, 55, 56, 57, 58]
		}
	]
}