{
	"credit": "Made with Blockbench",
	"texture_size": [32, 32],
	"textures": {
		"0": "./longbow_1",
		"particle": "./longbow_1"
	},
	"elements": [
		{
			"name": "longbow_1_0",
			"from": [22, 0, -8],
			"to": [24, 1, -7],
			"rotation": {"angle": 0, "axis": "y", "origin": [-8, 0, -8]},
			"faces": {
				"north": {"uv": [16, 0, 15, 0.5], "texture": "#0"},
				"east": {"uv": [15.5, 0, 16, 0.5], "rotation": 90, "texture": "#0"},
				"south": {"uv": [15, 0, 16, 0.5], "texture": "#0"},
				"west": {"uv": [15, 0, 15.5, 0.5], "rotation": 270, "texture": "#0"},
				"up": {"uv": [15, 0, 16, 0.5], "texture": "#0"},
				"down": {"uv": [15, 0.5, 16, 0], "texture": "#0"}
			}
		},
		{
			"name": "longbow_1_1",
			"from": [23, 0, -7],
			"to": [24, 1, -2],
			"rotation": {"angle": 0, "axis": "y", "origin": [-8, 0, -8]},
			"faces": {
				"north": {"uv": [16, 0.5, 15.5, 1], "texture": "#0"},
				"east": {"uv": [15.5, 0.5, 16, 3], "rotation": 90, "texture": "#0"},
				"south": {"uv": [15.5, 2.5, 16, 3], "texture": "#0"},
				"west": {"uv": [15.5, 0.5, 16, 3], "rotation": 270, "texture": "#0"},
				"up": {"uv": [15.5, 0.5, 16, 3], "texture": "#0"},
				"down": {"uv": [15.5, 3, 16, 0.5], "texture": "#0"}
			}
		},
		{
			"name": "longbow_1_2",
			"from": [9, 0, -6],
			"to": [11, 1, -1],
			"rotation": {"angle": 0, "axis": "y", "origin": [-8, 0, -8]},
			"faces": {
				"north": {"uv": [9.5, 1, 8.5, 1.5], "texture": "#0"},
				"east": {"uv": [9, 1, 9.5, 3.5], "rotation": 90, "texture": "#0"},
				"south": {"uv": [8.5, 3, 9.5, 3.5], "texture": "#0"},
				"west": {"uv": [8.5, 1, 9, 3.5], "rotation": 270, "texture": "#0"},
				"up": {"uv": [8.5, 1, 9.5, 3.5], "texture": "#0"},
				"down": {"uv": [8.5, 3.5, 9.5, 1], "texture": "#0"}
			}
		},
		{
			"name": "longbow_1_3",
			"from": [13, 0, -6],
			"to": [17, 1, -5],
			"rotation": {"angle": 0, "axis": "y", "origin": [-8, 0, -8]},
			"faces": {
				"north": {"uv": [12.5, 1, 10.5, 1.5], "texture": "#0"},
				"east": {"uv": [12, 1, 12.5, 1.5], "rotation": 90, "texture": "#0"},
				"south": {"uv": [10.5, 1, 12.5, 1.5], "texture": "#0"},
				"west": {"uv": [10.5, 1, 11, 1.5], "rotation": 270, "texture": "#0"},
				"up": {"uv": [10.5, 1, 12.5, 1.5], "texture": "#0"},
				"down": {"uv": [10.5, 1.5, 12.5, 1], "texture": "#0"}
			}
		},
		{
			"name": "longbow_1_4",
			"from": [8, 0, -5],
			"to": [9, 1, 0],
			"rotation": {"angle": 0, "axis": "y", "origin": [-8, 0, -8]},
			"faces": {
				"north": {"uv": [8.5, 1.5, 8, 2], "texture": "#0"},
				"east": {"uv": [8, 1.5, 8.5, 4], "rotation": 90, "texture": "#0"},
				"south": {"uv": [8, 3.5, 8.5, 4], "texture": "#0"},
				"west": {"uv": [8, 1.5, 8.5, 4], "rotation": 270, "texture": "#0"},
				"up": {"uv": [8, 1.5, 8.5, 4], "texture": "#0"},
				"down": {"uv": [8, 4, 8.5, 1.5], "texture": "#0"}
			}
		},
		{
			"name": "longbow_1_5",
			"from": [11, 0, -5],
			"to": [12, 1, -1],
			"rotation": {"angle": 0, "axis": "y", "origin": [-8, 0, -8]},
			"faces": {
				"north": {"uv": [10, 1.5, 9.5, 2], "texture": "#0"},
				"east": {"uv": [9.5, 1.5, 10, 3.5], "rotation": 90, "texture": "#0"},
				"south": {"uv": [9.5, 3, 10, 3.5], "texture": "#0"},
				"west": {"uv": [9.5, 1.5, 10, 3.5], "rotation": 270, "texture": "#0"},
				"up": {"uv": [9.5, 1.5, 10, 3.5], "texture": "#0"},
				"down": {"uv": [9.5, 3.5, 10, 1.5], "texture": "#0"}
			}
		},
		{
			"name": "longbow_1_6",
			"from": [14, 0, -5],
			"to": [18, 1, -2],
			"rotation": {"angle": 0, "axis": "y", "origin": [-8, 0, -8]},
			"faces": {
				"north": {"uv": [13, 1.5, 11, 2], "texture": "#0"},
				"east": {"uv": [12.5, 1.5, 13, 3], "rotation": 90, "texture": "#0"},
				"south": {"uv": [11, 2.5, 13, 3], "texture": "#0"},
				"west": {"uv": [11, 1.5, 11.5, 3], "rotation": 270, "texture": "#0"},
				"up": {"uv": [11, 1.5, 13, 3], "texture": "#0"},
				"down": {"uv": [11, 3, 13, 1.5], "texture": "#0"}
			}
		},
		{
			"name": "longbow_1_7",
			"from": [5, 0, -4],
			"to": [8, 1, 0],
			"rotation": {"angle": 0, "axis": "y", "origin": [-8, 0, -8]},
			"faces": {
				"north": {"uv": [8, 2, 6.5, 2.5], "texture": "#0"},
				"east": {"uv": [7.5, 2, 8, 4], "rotation": 90, "texture": "#0"},
				"south": {"uv": [6.5, 3.5, 8, 4], "texture": "#0"},
				"west": {"uv": [6.5, 2, 7, 4], "rotation": 270, "texture": "#0"},
				"up": {"uv": [6.5, 2, 8, 4], "texture": "#0"},
				"down": {"uv": [6.5, 4, 8, 2], "texture": "#0"}
			}
		},
		{
			"name": "longbow_1_8",
			"from": [12, 0, -4],
			"to": [13, 1, -2],
			"rotation": {"angle": 0, "axis": "y", "origin": [-8, 0, -8]},
			"faces": {
				"north": {"uv": [10.5, 2, 10, 2.5], "texture": "#0"},
				"east": {"uv": [10, 2, 10.5, 3], "rotation": 90, "texture": "#0"},
				"south": {"uv": [10, 2.5, 10.5, 3], "texture": "#0"},
				"west": {"uv": [10, 2, 10.5, 3], "rotation": 270, "texture": "#0"},
				"up": {"uv": [10, 2, 10.5, 3], "texture": "#0"},
				"down": {"uv": [10, 3, 10.5, 2], "texture": "#0"}
			}
		},
		{
			"name": "longbow_1_9",
			"from": [18, 0, -4],
			"to": [21, 1, -2],
			"rotation": {"angle": 0, "axis": "y", "origin": [-8, 0, -8]},
			"faces": {
				"north": {"uv": [14.5, 2, 13, 2.5], "texture": "#0"},
				"east": {"uv": [14, 2, 14.5, 3], "rotation": 90, "texture": "#0"},
				"south": {"uv": [13, 2.5, 14.5, 3], "texture": "#0"},
				"west": {"uv": [13, 2, 13.5, 3], "rotation": 270, "texture": "#0"},
				"up": {"uv": [13, 2, 14.5, 3], "texture": "#0"},
				"down": {"uv": [13, 3, 14.5, 2], "texture": "#0"}
			}
		},
		{
			"name": "longbow_1_10",
			"from": [4, 0, -3],
			"to": [5, 1, 2],
			"rotation": {"angle": 0, "axis": "y", "origin": [-8, 0, -8]},
			"faces": {
				"north": {"uv": [6.5, 2.5, 6, 3], "texture": "#0"},
				"east": {"uv": [6, 2.5, 6.5, 5], "rotation": 90, "texture": "#0"},
				"south": {"uv": [6, 4.5, 6.5, 5], "texture": "#0"},
				"west": {"uv": [6, 2.5, 6.5, 5], "rotation": 270, "texture": "#0"},
				"up": {"uv": [6, 2.5, 6.5, 5], "texture": "#0"},
				"down": {"uv": [6, 5, 6.5, 2.5], "texture": "#0"}
			}
		},
		{
			"name": "longbow_1_11",
			"from": [13, 0, -3],
			"to": [14, 1, -2],
			"rotation": {"angle": 0, "axis": "y", "origin": [-8, 0, -8]},
			"faces": {
				"north": {"uv": [11, 2.5, 10.5, 3], "texture": "#0"},
				"east": {"uv": [10.5, 2.5, 11, 3], "rotation": 90, "texture": "#0"},
				"south": {"uv": [10.5, 2.5, 11, 3], "texture": "#0"},
				"west": {"uv": [10.5, 2.5, 11, 3], "rotation": 270, "texture": "#0"},
				"up": {"uv": [10.5, 2.5, 11, 3], "texture": "#0"},
				"down": {"uv": [10.5, 3, 11, 2.5], "texture": "#0"}
			}
		},
		{
			"name": "longbow_1_12",
			"from": [21, 0, -3],
			"to": [23, 1, -2],
			"rotation": {"angle": 0, "axis": "y", "origin": [-8, 0, -8]},
			"faces": {
				"north": {"uv": [15.5, 2.5, 14.5, 3], "texture": "#0"},
				"east": {"uv": [15, 2.5, 15.5, 3], "rotation": 90, "texture": "#0"},
				"south": {"uv": [14.5, 2.5, 15.5, 3], "texture": "#0"},
				"west": {"uv": [14.5, 2.5, 15, 3], "rotation": 270, "texture": "#0"},
				"up": {"uv": [14.5, 2.5, 15.5, 3], "texture": "#0"},
				"down": {"uv": [14.5, 3, 15.5, 2.5], "texture": "#0"}
			}
		},
		{
			"name": "longbow_1_13",
			"from": [1, 0, -2],
			"to": [4, 1, 0],
			"rotation": {"angle": 0, "axis": "y", "origin": [-8, 0, -8]},
			"faces": {
				"north": {"uv": [6, 3, 4.5, 3.5], "texture": "#0"},
				"east": {"uv": [5.5, 3, 6, 4], "rotation": 90, "texture": "#0"},
				"south": {"uv": [4.5, 3.5, 6, 4], "texture": "#0"},
				"west": {"uv": [4.5, 3, 5, 4], "rotation": 270, "texture": "#0"},
				"up": {"uv": [4.5, 3, 6, 4], "texture": "#0"},
				"down": {"uv": [4.5, 4, 6, 3], "texture": "#0"}
			}
		},
		{
			"name": "longbow_1_14",
			"from": [17, 0, -2],
			"to": [19, 1, 2],
			"rotation": {"angle": 0, "axis": "y", "origin": [-8, 0, -8]},
			"faces": {
				"north": {"uv": [13.5, 3, 12.5, 3.5], "texture": "#0"},
				"east": {"uv": [13, 3, 13.5, 5], "rotation": 90, "texture": "#0"},
				"south": {"uv": [12.5, 4.5, 13.5, 5], "texture": "#0"},
				"west": {"uv": [12.5, 3, 13, 5], "rotation": 270, "texture": "#0"},
				"up": {"uv": [12.5, 3, 13.5, 5], "texture": "#0"},
				"down": {"uv": [12.5, 5, 13.5, 3], "texture": "#0"}
			}
		},
		{
			"name": "longbow_1_15",
			"from": [19, 0, -2],
			"to": [20, 1, -1],
			"rotation": {"angle": 0, "axis": "y", "origin": [-8, 0, -8]},
			"faces": {
				"north": {"uv": [14, 3, 13.5, 3.5], "texture": "#0"},
				"east": {"uv": [13.5, 3, 14, 3.5], "rotation": 90, "texture": "#0"},
				"south": {"uv": [13.5, 3, 14, 3.5], "texture": "#0"},
				"west": {"uv": [13.5, 3, 14, 3.5], "rotation": 270, "texture": "#0"},
				"up": {"uv": [13.5, 3, 14, 3.5], "texture": "#0"},
				"down": {"uv": [13.5, 3.5, 14, 3], "texture": "#0"}
			}
		},
		{
			"name": "longbow_1_16",
			"from": [0, 0, -1],
			"to": [1, 1, 0],
			"rotation": {"angle": 0, "axis": "y", "origin": [-8, 0, -8]},
			"faces": {
				"north": {"uv": [4.5, 3.5, 4, 4], "texture": "#0"},
				"east": {"uv": [4, 3.5, 4.5, 4], "rotation": 90, "texture": "#0"},
				"south": {"uv": [4, 3.5, 4.5, 4], "texture": "#0"},
				"west": {"uv": [4, 3.5, 4.5, 4], "rotation": 270, "texture": "#0"},
				"up": {"uv": [4, 3.5, 4.5, 4], "texture": "#0"},
				"down": {"uv": [4, 4, 4.5, 3.5], "texture": "#0"}
			}
		},
		{
			"name": "longbow_1_17",
			"from": [2, 0, 0],
			"to": [4, 1, 2],
			"rotation": {"angle": 0, "axis": "y", "origin": [-8, 0, -8]},
			"faces": {
				"north": {"uv": [6, 4, 5, 4.5], "texture": "#0"},
				"east": {"uv": [5.5, 4, 6, 5], "rotation": 90, "texture": "#0"},
				"south": {"uv": [5, 4.5, 6, 5], "texture": "#0"},
				"west": {"uv": [5, 4, 5.5, 5], "rotation": 270, "texture": "#0"},
				"up": {"uv": [5, 4, 6, 5], "texture": "#0"},
				"down": {"uv": [5, 5, 6, 4], "texture": "#0"}
			}
		},
		{
			"name": "longbow_1_18",
			"from": [5, 0, 0],
			"to": [6, 1, 1],
			"rotation": {"angle": 0, "axis": "y", "origin": [-8, 0, -8]},
			"faces": {
				"north": {"uv": [7, 4, 6.5, 4.5], "texture": "#0"},
				"east": {"uv": [6.5, 4, 7, 4.5], "rotation": 90, "texture": "#0"},
				"south": {"uv": [6.5, 4, 7, 4.5], "texture": "#0"},
				"west": {"uv": [6.5, 4, 7, 4.5], "rotation": 270, "texture": "#0"},
				"up": {"uv": [6.5, 4, 7, 4.5], "texture": "#0"},
				"down": {"uv": [6.5, 4.5, 7, 4], "texture": "#0"}
			}
		},
		{
			"name": "longbow_1_19",
			"from": [17, 0, 2],
			"to": [18, 1, 4],
			"rotation": {"angle": 0, "axis": "y", "origin": [-8, 0, -8]},
			"faces": {
				"north": {"uv": [13, 5, 12.5, 5.5], "texture": "#0"},
				"east": {"uv": [12.5, 5, 13, 6], "rotation": 90, "texture": "#0"},
				"south": {"uv": [12.5, 5.5, 13, 6], "texture": "#0"},
				"west": {"uv": [12.5, 5, 13, 6], "rotation": 270, "texture": "#0"},
				"up": {"uv": [12.5, 5, 13, 6], "texture": "#0"},
				"down": {"uv": [12.5, 6, 13, 5], "texture": "#0"}
			}
		},
		{
			"name": "longbow_1_20",
			"from": [-2, 0, 3],
			"to": [-1, 1, 12],
			"rotation": {"angle": 0, "axis": "y", "origin": [-8, 0, -8]},
			"faces": {
				"north": {"uv": [3.5, 5.5, 3, 6], "texture": "#0"},
				"east": {"uv": [3, 5.5, 3.5, 10], "rotation": 90, "texture": "#0"},
				"south": {"uv": [3, 9.5, 3.5, 10], "texture": "#0"},
				"west": {"uv": [3, 5.5, 3.5, 10], "rotation": 270, "texture": "#0"},
				"up": {"uv": [3, 5.5, 3.5, 10], "texture": "#0"},
				"down": {"uv": [3, 10, 3.5, 5.5], "texture": "#0"}
			}
		},
		{
			"name": "longbow_1_21",
			"from": [-3, 0, 4],
			"to": [-2, 1, 24],
			"rotation": {"angle": 0, "axis": "y", "origin": [-8, 0, -8]},
			"faces": {
				"north": {"uv": [3, 6, 2.5, 6.5], "texture": "#0"},
				"east": {"uv": [2.5, 6, 3, 16], "rotation": 90, "texture": "#0"},
				"south": {"uv": [2.5, 15.5, 3, 16], "texture": "#0"},
				"west": {"uv": [2.5, 6, 3, 16], "rotation": 270, "texture": "#0"},
				"up": {"uv": [2.5, 6, 3, 16], "texture": "#0"},
				"down": {"uv": [2.5, 16, 3, 6], "texture": "#0"}
			}
		},
		{
			"name": "longbow_1_22",
			"from": [0, 0, 4],
			"to": [2, 1, 5],
			"rotation": {"angle": 0, "axis": "y", "origin": [-8, 0, -8]},
			"faces": {
				"north": {"uv": [5, 6, 4, 6.5], "texture": "#0"},
				"east": {"uv": [4.5, 6, 5, 6.5], "rotation": 90, "texture": "#0"},
				"south": {"uv": [4, 6, 5, 6.5], "texture": "#0"},
				"west": {"uv": [4, 6, 4.5, 6.5], "rotation": 270, "texture": "#0"},
				"up": {"uv": [4, 6, 5, 6.5], "texture": "#0"},
				"down": {"uv": [4, 6.5, 5, 6], "texture": "#0"}
			}
		},
		{
			"name": "longbow_1_23",
			"from": [18, 0, 4],
			"to": [19, 1, 5],
			"rotation": {"angle": 0, "axis": "y", "origin": [-8, 0, -8]},
			"faces": {
				"north": {"uv": [13.5, 6, 13, 6.5], "texture": "#0"},
				"east": {"uv": [13, 6, 13.5, 6.5], "rotation": 90, "texture": "#0"},
				"south": {"uv": [13, 6, 13.5, 6.5], "texture": "#0"},
				"west": {"uv": [13, 6, 13.5, 6.5], "rotation": 270, "texture": "#0"},
				"up": {"uv": [13, 6, 13.5, 6.5], "texture": "#0"},
				"down": {"uv": [13, 6.5, 13.5, 6], "texture": "#0"}
			}
		},
		{
			"name": "longbow_1_24",
			"from": [-4, 0, 5],
			"to": [-3, 1, 13],
			"rotation": {"angle": 0, "axis": "y", "origin": [-8, 0, -8]},
			"faces": {
				"north": {"uv": [2.5, 6.5, 2, 7], "texture": "#0"},
				"east": {"uv": [2, 6.5, 2.5, 10.5], "rotation": 90, "texture": "#0"},
				"south": {"uv": [2, 10, 2.5, 10.5], "texture": "#0"},
				"west": {"uv": [2, 6.5, 2.5, 10.5], "rotation": 270, "texture": "#0"},
				"up": {"uv": [2, 6.5, 2.5, 10.5], "texture": "#0"},
				"down": {"uv": [2, 10.5, 2.5, 6.5], "texture": "#0"}
			}
		},
		{
			"name": "longbow_1_25",
			"from": [-1, 0, 5],
			"to": [1, 1, 6],
			"rotation": {"angle": 0, "axis": "y", "origin": [-8, 0, -8]},
			"faces": {
				"north": {"uv": [4.5, 6.5, 3.5, 7], "texture": "#0"},
				"east": {"uv": [4, 6.5, 4.5, 7], "rotation": 90, "texture": "#0"},
				"south": {"uv": [3.5, 6.5, 4.5, 7], "texture": "#0"},
				"west": {"uv": [3.5, 6.5, 4, 7], "rotation": 270, "texture": "#0"},
				"up": {"uv": [3.5, 6.5, 4.5, 7], "texture": "#0"},
				"down": {"uv": [3.5, 7, 4.5, 6.5], "texture": "#0"}
			}
		},
		{
			"name": "longbow_1_26",
			"from": [19, 0, 5],
			"to": [20, 1, 6],
			"rotation": {"angle": 0, "axis": "y", "origin": [-8, 0, -8]},
			"faces": {
				"north": {"uv": [14, 6.5, 13.5, 7], "texture": "#0"},
				"east": {"uv": [13.5, 6.5, 14, 7], "rotation": 90, "texture": "#0"},
				"south": {"uv": [13.5, 6.5, 14, 7], "texture": "#0"},
				"west": {"uv": [13.5, 6.5, 14, 7], "rotation": 270, "texture": "#0"},
				"up": {"uv": [13.5, 6.5, 14, 7], "texture": "#0"},
				"down": {"uv": [13.5, 7, 14, 6.5], "texture": "#0"}
			}
		},
		{
			"name": "longbow_1_27",
			"from": [-1, 0, 6],
			"to": [0, 1, 9],
			"rotation": {"angle": 0, "axis": "y", "origin": [-8, 0, -8]},
			"faces": {
				"north": {"uv": [4, 7, 3.5, 7.5], "texture": "#0"},
				"east": {"uv": [3.5, 7, 4, 8.5], "rotation": 90, "texture": "#0"},
				"south": {"uv": [3.5, 8, 4, 8.5], "texture": "#0"},
				"west": {"uv": [3.5, 7, 4, 8.5], "rotation": 270, "texture": "#0"},
				"up": {"uv": [3.5, 7, 4, 8.5], "texture": "#0"},
				"down": {"uv": [3.5, 8.5, 4, 7], "texture": "#0"}
			}
		},
		{
			"name": "longbow_1_28",
			"from": [-5, 0, 8],
			"to": [-4, 1, 12],
			"rotation": {"angle": 0, "axis": "y", "origin": [-8, 0, -8]},
			"faces": {
				"north": {"uv": [2, 8, 1.5, 8.5], "texture": "#0"},
				"east": {"uv": [1.5, 8, 2, 10], "rotation": 90, "texture": "#0"},
				"south": {"uv": [1.5, 9.5, 2, 10], "texture": "#0"},
				"west": {"uv": [1.5, 8, 2, 10], "rotation": 270, "texture": "#0"},
				"up": {"uv": [1.5, 8, 2, 10], "texture": "#0"},
				"down": {"uv": [1.5, 10, 2, 8], "texture": "#0"}
			}
		},
		{
			"name": "longbow_1_29",
			"from": [-6, 0, 9],
			"to": [-5, 1, 13],
			"rotation": {"angle": 0, "axis": "y", "origin": [-8, 0, -8]},
			"faces": {
				"north": {"uv": [1.5, 8.5, 1, 9], "texture": "#0"},
				"east": {"uv": [1, 8.5, 1.5, 10.5], "rotation": 90, "texture": "#0"},
				"south": {"uv": [1, 10, 1.5, 10.5], "texture": "#0"},
				"west": {"uv": [1, 8.5, 1.5, 10.5], "rotation": 270, "texture": "#0"},
				"up": {"uv": [1, 8.5, 1.5, 10.5], "texture": "#0"},
				"down": {"uv": [1, 10.5, 1.5, 8.5], "texture": "#0"}
			}
		},
		{
			"name": "longbow_1_30",
			"from": [-6, 0, 14],
			"to": [-4, 1, 17],
			"rotation": {"angle": 0, "axis": "y", "origin": [-8, 0, -8]},
			"faces": {
				"north": {"uv": [2, 11, 1, 11.5], "texture": "#0"},
				"east": {"uv": [1.5, 11, 2, 12.5], "rotation": 90, "texture": "#0"},
				"south": {"uv": [1, 12, 2, 12.5], "texture": "#0"},
				"west": {"uv": [1, 11, 1.5, 12.5], "rotation": 270, "texture": "#0"},
				"up": {"uv": [1, 11, 2, 12.5], "texture": "#0"},
				"down": {"uv": [1, 12.5, 2, 11], "texture": "#0"}
			}
		},
		{
			"name": "longbow_1_31",
			"from": [-4, 0, 15],
			"to": [-3, 1, 21],
			"rotation": {"angle": 0, "axis": "y", "origin": [-8, 0, -8]},
			"faces": {
				"north": {"uv": [2.5, 11.5, 2, 12], "texture": "#0"},
				"east": {"uv": [2, 11.5, 2.5, 14.5], "rotation": 90, "texture": "#0"},
				"south": {"uv": [2, 14, 2.5, 14.5], "texture": "#0"},
				"west": {"uv": [2, 11.5, 2.5, 14.5], "rotation": 270, "texture": "#0"},
				"up": {"uv": [2, 11.5, 2.5, 14.5], "texture": "#0"},
				"down": {"uv": [2, 14.5, 2.5, 11.5], "texture": "#0"}
			}
		},
		{
			"name": "longbow_1_32",
			"from": [-5, 0, 17],
			"to": [-4, 1, 18],
			"rotation": {"angle": 0, "axis": "y", "origin": [-8, 0, -8]},
			"faces": {
				"north": {"uv": [2, 12.5, 1.5, 13], "texture": "#0"},
				"east": {"uv": [1.5, 12.5, 2, 13], "rotation": 90, "texture": "#0"},
				"south": {"uv": [1.5, 12.5, 2, 13], "texture": "#0"},
				"west": {"uv": [1.5, 12.5, 2, 13], "rotation": 270, "texture": "#0"},
				"up": {"uv": [1.5, 12.5, 2, 13], "texture": "#0"},
				"down": {"uv": [1.5, 13, 2, 12.5], "texture": "#0"}
			}
		},
		{
			"name": "longbow_1_33",
			"from": [-2, 0, 17],
			"to": [2, 1, 19],
			"rotation": {"angle": 0, "axis": "y", "origin": [-8, 0, -8]},
			"faces": {
				"north": {"uv": [5, 12.5, 3, 13], "texture": "#0"},
				"east": {"uv": [4.5, 12.5, 5, 13.5], "rotation": 90, "texture": "#0"},
				"south": {"uv": [3, 13, 5, 13.5], "texture": "#0"},
				"west": {"uv": [3, 12.5, 3.5, 13.5], "rotation": 270, "texture": "#0"},
				"up": {"uv": [3, 12.5, 5, 13.5], "texture": "#0"},
				"down": {"uv": [3, 13.5, 5, 12.5], "texture": "#0"}
			}
		},
		{
			"name": "longbow_1_34",
			"from": [2, 0, 17],
			"to": [4, 1, 18],
			"rotation": {"angle": 0, "axis": "y", "origin": [-8, 0, -8]},
			"faces": {
				"north": {"uv": [6, 12.5, 5, 13], "texture": "#0"},
				"east": {"uv": [5.5, 12.5, 6, 13], "rotation": 90, "texture": "#0"},
				"south": {"uv": [5, 12.5, 6, 13], "texture": "#0"},
				"west": {"uv": [5, 12.5, 5.5, 13], "rotation": 270, "texture": "#0"},
				"up": {"uv": [5, 12.5, 6, 13], "texture": "#0"},
				"down": {"uv": [5, 13, 6, 12.5], "texture": "#0"}
			}
		},
		{
			"name": "longbow_1_35",
			"from": [4, 0, 18],
			"to": [5, 1, 19],
			"rotation": {"angle": 0, "axis": "y", "origin": [-8, 0, -8]},
			"faces": {
				"north": {"uv": [6.5, 13, 6, 13.5], "texture": "#0"},
				"east": {"uv": [6, 13, 6.5, 13.5], "rotation": 90, "texture": "#0"},
				"south": {"uv": [6, 13, 6.5, 13.5], "texture": "#0"},
				"west": {"uv": [6, 13, 6.5, 13.5], "rotation": 270, "texture": "#0"},
				"up": {"uv": [6, 13, 6.5, 13.5], "texture": "#0"},
				"down": {"uv": [6, 13.5, 6.5, 13], "texture": "#0"}
			}
		},
		{
			"name": "longbow_1_36",
			"from": [-2, 0, 19],
			"to": [-1, 1, 20],
			"rotation": {"angle": 0, "axis": "y", "origin": [-8, 0, -8]},
			"faces": {
				"north": {"uv": [3.5, 13.5, 3, 14], "texture": "#0"},
				"east": {"uv": [3, 13.5, 3.5, 14], "rotation": 90, "texture": "#0"},
				"south": {"uv": [3, 13.5, 3.5, 14], "texture": "#0"},
				"west": {"uv": [3, 13.5, 3.5, 14], "rotation": 270, "texture": "#0"},
				"up": {"uv": [3, 13.5, 3.5, 14], "texture": "#0"},
				"down": {"uv": [3, 14, 3.5, 13.5], "texture": "#0"}
			}
		},
		{
			"name": "longbow_1_37",
			"from": [5, 0, 19],
			"to": [6, 1, 20],
			"rotation": {"angle": 0, "axis": "y", "origin": [-8, 0, -8]},
			"faces": {
				"north": {"uv": [7, 13.5, 6.5, 14], "texture": "#0"},
				"east": {"uv": [6.5, 13.5, 7, 14], "rotation": 90, "texture": "#0"},
				"south": {"uv": [6.5, 13.5, 7, 14], "texture": "#0"},
				"west": {"uv": [6.5, 13.5, 7, 14], "rotation": 270, "texture": "#0"},
				"up": {"uv": [6.5, 13.5, 7, 14], "texture": "#0"},
				"down": {"uv": [6.5, 14, 7, 13.5], "texture": "#0"}
			}
		},
		{
			"name": "longbow_1_38",
			"from": [-8, 0, 20],
			"to": [-6, 1, 21],
			"rotation": {"angle": 0, "axis": "y", "origin": [-8, 0, -8]},
			"faces": {
				"north": {"uv": [1, 14, 0, 14.5], "texture": "#0"},
				"east": {"uv": [0.5, 14, 1, 14.5], "rotation": 90, "texture": "#0"},
				"south": {"uv": [0, 14, 1, 14.5], "texture": "#0"},
				"west": {"uv": [0, 14, 0.5, 14.5], "rotation": 270, "texture": "#0"},
				"up": {"uv": [0, 14, 1, 14.5], "texture": "#0"},
				"down": {"uv": [0, 14.5, 1, 14], "texture": "#0"}
			}
		},
		{
			"name": "longbow_1_39",
			"from": [6, 0, 20],
			"to": [7, 1, 21],
			"rotation": {"angle": 0, "axis": "y", "origin": [-8, 0, -8]},
			"faces": {
				"north": {"uv": [7.5, 14, 7, 14.5], "texture": "#0"},
				"east": {"uv": [7, 14, 7.5, 14.5], "rotation": 90, "texture": "#0"},
				"south": {"uv": [7, 14, 7.5, 14.5], "texture": "#0"},
				"west": {"uv": [7, 14, 7.5, 14.5], "rotation": 270, "texture": "#0"},
				"up": {"uv": [7, 14, 7.5, 14.5], "texture": "#0"},
				"down": {"uv": [7, 14.5, 7.5, 14], "texture": "#0"}
			}
		},
		{
			"name": "longbow_1_40",
			"from": [-8, 0, 21],
			"to": [-7, 1, 24],
			"rotation": {"angle": 0, "axis": "y", "origin": [-8, 0, -8]},
			"faces": {
				"north": {"uv": [0.5, 14.5, 0, 15], "texture": "#0"},
				"east": {"uv": [0, 14.5, 0.5, 16], "rotation": 90, "texture": "#0"},
				"south": {"uv": [0, 15.5, 0.5, 16], "texture": "#0"},
				"west": {"uv": [0, 14.5, 0.5, 16], "rotation": 270, "texture": "#0"},
				"up": {"uv": [0, 14.5, 0.5, 16], "texture": "#0"},
				"down": {"uv": [0, 16, 0.5, 14.5], "texture": "#0"}
			}
		},
		{
			"name": "longbow_1_41",
			"from": [7, 0, 21],
			"to": [8, 1, 22],
			"rotation": {"angle": 0, "axis": "y", "origin": [-8, 0, -8]},
			"faces": {
				"north": {"uv": [8, 14.5, 7.5, 15], "texture": "#0"},
				"east": {"uv": [7.5, 14.5, 8, 15], "rotation": 90, "texture": "#0"},
				"south": {"uv": [7.5, 14.5, 8, 15], "texture": "#0"},
				"west": {"uv": [7.5, 14.5, 8, 15], "rotation": 270, "texture": "#0"},
				"up": {"uv": [7.5, 14.5, 8, 15], "texture": "#0"},
				"down": {"uv": [7.5, 15, 8, 14.5], "texture": "#0"}
			}
		},
		{
			"name": "longbow_1_42",
			"from": [-7, 0, 23],
			"to": [-3, 1, 24],
			"rotation": {"angle": 0, "axis": "y", "origin": [-8, 0, -8]},
			"faces": {
				"north": {"uv": [2.5, 15.5, 0.5, 16], "texture": "#0"},
				"east": {"uv": [2, 15.5, 2.5, 16], "rotation": 90, "texture": "#0"},
				"south": {"uv": [0.5, 15.5, 2.5, 16], "texture": "#0"},
				"west": {"uv": [0.5, 15.5, 1, 16], "rotation": 270, "texture": "#0"},
				"up": {"uv": [0.5, 15.5, 2.5, 16], "texture": "#0"},
				"down": {"uv": [0.5, 16, 2.5, 15.5], "texture": "#0"}
			}
		}
	],
	"gui_light": "front",
	"display": {
		"thirdperson_righthand": {
			"rotation": [50, -10, 105],
			"translation": [-7, -1.5, 5],
			"scale": [0.75, 0.75, 0.75]
		},
		"thirdperson_lefthand": {
			"rotation": [-45, -10, 79],
			"translation": [-7, -1.5, 5],
			"scale": [0.75, 0.75, 0.75]
		},
		"firstperson_righthand": {
			"rotation": [55, -7, 90],
			"translation": [-1.75, 5, -1.5]
		},
		"firstperson_lefthand": {
			"rotation": [43, -22, -89],
			"translation": [13, 5, -0.25]
		},
		"ground": {
			"rotation": [90, 15, 0],
			"translation": [0, 5, 0],
			"scale": [0.5, 0.5, 0.5]
		},
		"gui": {
			"rotation": [90, 0, 0],
			"scale": [0.5, 0.5, 0.5]
		},
		"head": {
			"rotation": [90, 90, 0],
			"translation": [0.75, -12.75, 13]
		},
		"fixed": {
			"rotation": [90, 0, -180],
			"translation": [0, 0, -7],
			"scale": [0.75, 0.75, 0.75]
		}
	},
	"groups": [
		{
			"name": "longbow_1",
			"origin": [8, 8, 8],
			"color": 0,
			"children": [0, 1, 2, 3, 4, 5, 6, 7, 8, 9, 10, 11, 12, 13, 14, 15, 16, 17, 18, 19, 20, 21, 22, 23, 24, 25, 26, 27, 28, 29, 30, 31, 32, 33, 34, 35, 36, 37, 38, 39, 40, 41, 42]
		}
	]
}